{"cameraMode":{"drawMode":0,"name":"Shaded","section":"Shading Mode"},"sceneLighting":false,"audioPlay":false,"sceneViewState":{"showFog":true,"showMaterialUpdate":false,"showSkybox":false,"showFlares":true,"showImageEffects":true,"showParticleSystems":true},"in2DMode":false,"pivot":{"x":0.2576632499694824,"y":1.3829118013381959,"z":-0.30517053604125979},"rotation":{"x":0.12887857854366303,"y":-0.34034377336502077,"z":-0.047156281769275668,"w":-0.9302326440811157},"size":3.3240647315979006,"orthographic":false}