{"cameraMode":{"drawMode":0,"name":"Shaded","section":"Shading Mode"},"sceneLighting":false,"audioPlay":false,"sceneViewState":{"showFog":true,"showMaterialUpdate":false,"showSkybox":false,"showFlares":true,"showImageEffects":true,"showParticleSystems":true},"in2DMode":false,"pivot":{"x":0.3375244140625,"y":0.0,"z":1.8000001907348633},"rotation":{"x":-0.20144452154636384,"y":-0.0012196871684864164,"z":0.00024762042448855937,"w":-0.9794991612434387},"size":19.2082576751709,"orthographic":false}