{"cameraMode":{"drawMode":0,"name":"Shaded","section":"Shading Mode"},"sceneLighting":false,"audioPlay":false,"sceneViewState":{"showFog":true,"showMaterialUpdate":false,"showSkybox":false,"showFlares":true,"showImageEffects":true,"showParticleSystems":true},"in2DMode":false,"pivot":{"x":1.736491084098816,"y":2.647063970565796,"z":1.6236355304718018},"rotation":{"x":-0.011548732407391072,"y":-0.35060223937034609,"z":0.00432032672688365,"w":-0.9364432692527771},"size":16.095815658569337,"orthographic":false}