{"cameraMode":{"drawMode":0,"name":"Shaded","section":"Shading Mode"},"sceneLighting":false,"audioPlay":false,"sceneViewState":{"showFog":true,"showMaterialUpdate":false,"showSkybox":false,"showFlares":true,"showImageEffects":true,"showParticleSystems":true},"in2DMode":false,"pivot":{"x":6.0675811767578129,"y":6.672765731811523,"z":14.064009666442871},"rotation":{"x":-0.2233084887266159,"y":0.3041338622570038,"z":-0.07357212156057358,"w":-0.9231593012809753},"size":2.7969655990600588,"orthographic":false}