{"cameraMode":{"drawMode":0,"name":"Shaded","section":"Shading Mode"},"sceneLighting":false,"audioPlay":false,"sceneViewState":{"showFog":true,"showMaterialUpdate":false,"showSkybox":false,"showFlares":true,"showImageEffects":true,"showParticleSystems":true},"in2DMode":false,"pivot":{"x":-1.2224184274673463,"y":6.672765731811523,"z":14.064009666442871},"rotation":{"x":-0.14243663847446443,"y":0.13784891366958619,"z":-0.020039180293679239,"w":-0.9799530506134033},"size":2.7969655990600588,"orthographic":false}