{"cameraMode":{"drawMode":0,"name":"Shaded","section":"Shading Mode"},"sceneLighting":false,"audioPlay":false,"sceneViewState":{"showFog":true,"showMaterialUpdate":false,"showSkybox":false,"showFlares":true,"showImageEffects":true,"showParticleSystems":true},"in2DMode":false,"pivot":{"x":0.7134137153625488,"y":0.8734948039054871,"z":-0.14972235262393952},"rotation":{"x":0.011667687445878983,"y":-0.014740798622369767,"z":-0.00017530383775010705,"w":-0.999823272228241},"size":4.500057220458984,"orthographic":false}