{"cameraMode":{"drawMode":0,"name":"Shaded","section":"Shading Mode"},"sceneLighting":false,"audioPlay":false,"sceneViewState":{"showFog":true,"showMaterialUpdate":false,"showSkybox":false,"showFlares":true,"showImageEffects":true,"showParticleSystems":true},"in2DMode":false,"pivot":{"x":0.000015888101188465953,"y":0.00002029272582149133,"z":1.2130840332247318e-7},"rotation":{"x":-0.06923563033342362,"y":-0.28591418266296389,"z":0.02071336843073368,"w":-0.9555262923240662},"size":0.00005715767838410102,"orthographic":false}